居住地,年龄,婚姻状况,收入,教育水平,性别,家庭人数,开通月数,无线服务,基本费用,免费部分,无线费用,电子支付,套餐类型,流失
2,44,1,64,4,0,2,13,0,3.7,0,0,0,1,1
3,33,1,136,5,0,6,11,1,4.4,20.75,35.7,0,4,1
3,52,1,116,1,1,2,68,0,18.15,18,0,0,3,0
2,33,0,33,2,1,1,33,0,9.45,0,0,0,1,1
2,30,1,30,1,0,4,23,0,6.3,0,0,0,3,0
2,39,0,78,2,1,1,41,0,11.8,19.25,0,0,3,0
3,22,1,19,2,1,5,45,0,10.9,0,0,1,2,1
2,35,0,76,2,0,3,38,1,6.05,45,64.9,1,4,0
3,59,1,166,4,0,5,45,0,9.75,28.5,0,0,3,0
1,41,1,72,1,0,3,68,0,24.15,0,0,0,2,0
2,33,0,125,4,1,1,5,0,4.85,0,0,1,1,1
3,35,0,80,2,1,1,7,0,7.1,22,0,0,3,0
1,38,1,37,2,1,3,41,0,8.55,0,0,0,1,0
2,54,1,115,4,1,3,57,1,15.6,46.25,61.05,1,4,1
2,46,0,25,1,1,2,9,0,4.4,0,0,0,1,0
1,38,1,75,5,0,4,29,0,5.1,0,0,0,2,0
3,57,0,162,2,0,1,60,0,16.15,29.75,0,0,3,0
3,48,0,49,2,1,3,34,0,6.65,18.5,0,0,3,0
2,24,0,20,1,0,1,1,0,1.05,0,0,0,1,0
1,29,1,77,4,0,4,26,1,6.7,0,38.3,1,4,1
3,30,0,16,3,1,1,6,1,3.75,0,18.7,0,2,1
1,52,1,120,1,0,2,68,0,20.7,0,0,0,1,0
3,33,0,101,5,1,2,53,1,5.3,0,51.4,1,4,0
3,48,1,67,1,0,3,55,0,15.05,0,0,0,1,0
3,43,1,36,1,0,5,14,0,12.5,19.75,0,0,3,0
2,21,0,33,2,1,3,1,0,2.2,20.75,0,0,3,0
2,40,0,37,2,1,1,42,1,8.25,23.5,37.4,1,4,0
3,33,1,31,1,0,4,25,0,9.1,0,0,0,3,0
1,21,1,17,2,1,3,9,0,2.9,0,0,0,1,0
2,33,1,19,4,1,2,13,0,5.55,0,0,1,2,0
1,37,1,36,1,1,2,56,0,10.6,0,0,1,2,0
1,53,1,155,5,0,2,71,1,21,56,49.95,1,4,0
1,50,1,140,2,1,4,35,0,6.5,27.5,0,0,3,0
1,27,1,55,5,0,3,11,0,4.8,0,0,0,2,0
2,46,1,163,3,0,2,60,1,33.9,38.25,55.25,1,4,0
3,35,1,52,4,0,2,20,0,4.25,0,0,1,2,1
2,60,0,211,4,0,1,54,1,21.15,39.25,54.85,1,4,0
1,57,1,186,2,0,2,44,1,9.8,33.5,41.65,0,3,0
1,41,1,39,1,1,2,11,0,6.55,29.25,0,0,3,1
2,57,0,22,2,1,1,72,0,41.75,49,0,0,3,0
3,41,0,30,1,0,1,10,0,2.5,19.25,0,0,3,0
2,28,0,29,2,1,1,15,0,4.25,30,0,0,3,0
2,28,1,23,2,0,5,27,0,6.2,0,0,0,1,0
1,36,1,62,4,0,6,9,1,5.65,0,48.5,1,4,1
1,43,1,76,4,1,4,64,0,14.7,18.75,0,0,3,0
1,41,1,74,4,0,2,65,0,14.5,0,0,1,2,0
1,51,1,63,4,0,5,49,0,12.85,25.75,0,1,2,0
3,41,1,36,4,0,2,47,1,7.75,0,38.8,1,4,1
3,34,1,33,2,1,4,9,0,2.95,0,0,0,1,1
1,36,0,29,2,1,1,5,1,3.25,31.5,26.75,1,3,1
2,34,1,27,2,0,5,30,0,6.3,0,0,0,1,1
1,52,1,49,2,0,4,56,0,24.75,0,0,0,2,0
3,22,0,24,4,0,1,10,1,7.8,23.75,30.05,1,4,0
1,26,1,26,2,0,5,7,0,4.85,15.5,0,0,1,0
1,27,0,47,3,0,2,52,0,6.25,18.5,0,1,1,0
2,45,1,94,2,1,5,36,0,7.2,15.75,0,0,1,1
3,34,0,21,3,1,1,27,0,7.65,0,0,0,2,0
1,62,1,27,1,0,2,58,0,15.5,0,0,0,1,0
2,52,0,30,2,1,1,41,1,10.4,28,27.5,0,3,0
2,40,1,127,4,1,4,47,0,19.7,0,0,1,2,0
2,39,1,137,2,1,2,55,0,12.7,27.5,0,0,3,1
2,50,1,80,2,1,4,56,1,28.8,55.5,61.1,0,4,0
3,55,0,30,2,0,1,35,0,10.25,0,0,0,1,0
2,51,1,438,4,1,2,69,0,29,0,0,0,4,0
2,39,0,79,2,0,1,44,1,15.25,24.5,30.05,1,4,1
3,47,1,63,1,0,2,36,0,9.05,0,0,0,1,0
3,51,1,40,3,1,6,28,0,8.95,21.25,0,0,3,0
1,67,1,51,1,0,2,72,0,57.05,51.5,0,0,3,0
1,27,0,37,3,0,4,16,0,6,0,0,0,1,0
3,43,0,61,4,1,1,3,1,3.15,0,17.95,1,1,1
1,57,1,22,2,0,2,40,0,8.55,0,0,0,1,0
3,39,0,44,4,1,1,16,0,6.6,0,0,1,2,0
1,42,0,17,3,0,1,20,0,7.8,0,0,0,1,0
2,43,0,110,5,1,3,48,1,7.25,0,20.65,1,2,0
2,48,1,91,2,0,2,64,1,24.5,24.75,29.65,0,3,0
1,46,0,46,2,0,1,8,0,3.15,0,0,1,1,0
1,38,1,85,3,0,2,40,0,10.6,0,0,0,3,1
2,71,0,10,2,0,1,38,0,11.2,0,0,0,1,0
1,68,0,244,1,1,1,67,0,30.25,30.25,0,0,3,0
1,42,0,80,4,1,1,26,1,7.85,44,43.75,1,4,0
3,34,1,83,5,1,2,41,0,8.9,33.75,0,0,4,0
2,31,0,21,1,0,1,2,0,1.65,0,0,0,1,1
3,48,1,24,2,0,2,20,0,11.85,22.5,0,0,4,1
2,53,0,351,3,1,1,31,0,5.5,31.5,0,0,3,0
2,52,1,169,4,1,4,45,0,14.65,0,0,0,2,0
2,27,1,46,2,0,4,33,0,7.25,0,0,1,1,0
1,26,0,34,3,0,1,10,0,4.85,0,0,0,2,0
2,54,1,50,4,0,2,62,1,17.25,0,33.25,1,4,1
2,35,0,161,5,1,1,4,1,3.4,23.75,35.75,1,4,1
1,47,1,212,4,0,2,42,0,7.45,26.75,0,0,3,0
3,51,1,80,5,0,3,27,0,7.1,0,0,1,2,0
2,42,0,30,4,1,1,38,0,13.2,27.5,0,0,1,0
3,61,1,53,5,1,2,52,1,12.25,0,35.95,1,2,0
3,33,0,73,5,1,1,35,1,5.85,38.25,40.35,1,4,0
3,20,1,17,2,1,4,3,0,3.75,0,0,1,1,1
2,33,0,23,5,0,1,17,1,10.2,0,30.9,1,4,1
1,53,1,34,1,0,2,55,0,5.7,0,0,0,3,0
3,36,1,107,1,1,3,43,0,11.55,12.75,0,0,2,1
2,25,1,21,1,1,2,47,0,8.65,30.5,0,0,3,1
3,58,0,83,2,1,1,65,0,19.3,0,0,0,2,0
1,20,0,17,3,0,5,13,0,3.05,0,0,1,4,0
3,25,1,76,3,1,6,64,0,24.05,0,0,1,3,0
2,24,0,19,1,0,1,12,0,4,24.75,0,0,3,1
1,32,1,49,4,1,3,29,0,6.7,0,0,1,2,1
2,47,0,173,3,1,1,23,0,7.6,0,0,1,2,0
2,35,0,47,3,1,1,14,1,5,21.75,24.15,1,2,1
1,61,0,41,2,0,1,35,0,9.6,0,0,0,1,0
3,39,0,105,3,1,1,26,1,6.6,39.75,38.25,1,4,0
1,54,0,31,4,0,1,13,0,5.85,0,0,1,1,0
2,40,1,41,2,0,3,69,0,25.25,0,0,0,2,0
3,50,1,102,4,1,3,61,0,12.6,0,0,1,2,0
2,22,1,36,4,1,5,45,0,9.95,14.75,0,0,2,1
2,37,0,24,1,1,1,3,0,2,0,0,1,1,0
2,22,0,25,4,0,2,53,0,12.05,0,0,1,2,0
1,42,0,68,2,1,1,59,0,17.3,21.25,0,0,3,0
1,34,0,20,3,1,1,13,0,4.8,0,0,0,1,0
3,31,0,48,1,0,1,31,0,3.8,0,0,0,3,0
1,29,1,40,2,1,5,40,0,13,0,0,0,3,0
1,55,0,79,1,0,1,48,0,13.8,0,0,0,3,0
3,31,0,28,1,0,1,3,0,3.45,15.5,0,0,1,1
2,48,0,64,2,1,1,51,0,14.8,0,0,0,1,0
3,41,0,37,2,0,1,33,0,12.2,0,0,0,1,0
3,47,1,48,1,0,2,14,0,4.25,11,0,0,1,0
1,42,1,131,5,0,3,17,1,5.8,0,21.65,1,2,1
3,29,1,18,2,0,3,19,0,5.4,0,0,1,1,1
2,36,0,38,2,1,1,58,0,10.15,0,0,0,2,0
3,23,0,37,2,1,3,22,1,5.35,0,24.7,1,4,0
2,31,1,60,4,0,5,29,0,9.6,0,0,1,2,1
3,22,1,13,3,1,4,14,0,9.45,0,0,0,2,1
2,64,1,98,1,1,2,70,1,26.15,84,45.45,0,4,0
1,52,1,195,1,0,2,62,1,23.15,36.75,34.3,0,3,1
2,35,1,47,1,0,5,7,0,5.2,0,0,0,1,1
1,47,1,65,2,0,3,56,1,12.4,48.75,58.4,0,4,0
1,50,1,150,5,1,4,50,0,19.3,0,0,1,2,1
2,39,0,106,5,0,1,57,1,9.05,24.25,39.6,0,3,0
3,40,0,51,4,1,1,2,0,4.25,0,0,1,1,0
2,38,0,96,4,1,1,40,0,9.3,0,0,0,1,0
2,43,0,33,5,0,2,6,1,4.25,0,26.75,0,3,0
3,25,1,38,2,1,3,23,0,13.9,23.25,0,0,3,0
3,32,0,125,4,0,1,11,1,3.8,19.25,58.25,1,4,1
1,37,1,145,5,1,4,29,1,8.6,24,28,0,4,0
1,44,1,99,2,0,3,42,0,22.05,34.75,0,0,3,0
1,34,1,22,4,1,3,20,1,4.85,18.25,31.65,1,4,0
2,60,1,31,1,0,2,72,0,32.25,0,0,0,2,0
1,36,0,25,1,1,1,2,1,1.9,15.75,24.15,0,3,0
3,25,0,57,5,1,2,46,1,20.25,21.25,28.35,1,1,0
2,51,1,41,5,0,6,39,1,12.1,20.5,35.35,1,4,0
3,25,1,20,3,1,2,24,0,8.15,0,0,0,2,1
3,43,1,101,2,1,5,59,0,13.65,0,0,0,2,0
1,37,0,56,2,0,1,65,0,10.25,0,0,0,2,0
2,27,1,22,2,1,3,50,0,17.2,0,0,0,1,0
1,37,0,108,4,1,1,57,0,21.8,27.25,0,0,3,0
3,48,0,115,4,1,1,61,1,12.8,16,31,1,4,0
3,54,0,53,4,0,1,34,1,8.1,18,66.9,1,4,0
3,53,0,242,4,0,1,38,1,8.95,37.75,50.75,1,4,0
1,24,1,20,2,1,5,3,0,3.35,22.5,0,0,3,0
2,47,0,123,4,0,1,4,0,2.5,0,0,1,1,0
2,35,0,34,1,0,1,15,0,3.95,0,0,0,1,0
1,29,1,31,4,1,5,25,0,12.95,0,0,1,2,1
3,44,0,47,1,1,2,21,0,7.05,0,0,0,3,0
3,37,1,48,3,1,2,50,0,12.9,27.75,0,0,3,0
2,64,1,13,2,1,3,65,0,14.6,33,0,0,3,0
2,52,1,78,1,0,2,59,0,18.6,0,0,0,1,0
3,26,0,34,1,1,2,29,0,6.5,0,0,0,3,0
1,46,0,81,5,1,1,60,0,17.45,0,0,1,2,0
1,45,1,86,2,0,2,71,0,45.05,0,0,0,2,0
3,27,1,26,4,0,4,38,1,12.2,0,28.05,1,4,1
3,34,1,51,2,1,5,16,0,4.7,0,0,0,1,0
3,31,0,59,3,0,1,7,0,2.45,0,0,1,1,0
1,53,0,112,4,0,1,59,1,21.1,0,25.3,1,2,1
2,56,1,57,4,0,2,22,1,6.2,18.25,28.8,0,4,0
1,48,1,41,1,1,2,18,0,4.35,13,0,0,1,0
2,46,1,168,2,1,2,64,1,14.2,71,62.45,1,4,0
2,33,0,29,4,1,3,7,0,4.65,0,0,1,1,1
3,58,0,167,2,1,2,65,0,24.3,0,0,0,2,0
3,24,0,29,2,0,3,7,0,4.45,13.5,0,0,1,1
1,55,0,104,1,1,1,64,0,15,0,0,0,3,0
3,22,1,46,4,0,2,42,1,9.35,20.25,36,0,4,1
3,26,0,46,4,1,3,33,1,11,17.5,32.05,1,4,0
1,33,0,51,4,1,1,3,0,2.9,0,0,0,1,1
2,42,1,65,2,0,2,69,1,14.2,30.5,66.55,1,4,0
2,33,0,48,2,0,2,9,0,3.15,13.25,0,0,1,0
3,34,1,46,3,0,4,22,0,7.1,0,0,0,2,0
2,63,1,43,2,0,2,53,0,14.85,0,0,1,2,0
3,53,0,110,1,0,1,71,0,17.45,0,0,0,2,0
3,26,0,32,3,0,3,24,0,4.25,0,0,1,1,0
3,22,1,18,3,1,2,12,0,4.65,0,0,1,1,0
1,39,1,26,4,0,4,25,1,14.45,0,24.75,1,2,1
3,28,1,34,2,1,6,63,1,15,40,45.1,0,3,0
1,54,1,57,4,1,3,33,0,7.5,30.25,0,0,3,1
2,54,1,21,2,1,3,57,0,10.6,0,0,0,1,0
3,33,0,38,3,1,1,13,1,5.05,18.5,28.85,1,4,0
1,21,0,19,3,1,1,13,0,7.9,0,0,0,2,1
1,39,0,40,3,0,1,71,0,36.25,27.75,0,0,3,0
3,69,1,58,3,0,2,18,1,6.35,27.25,63,1,4,0
1,51,1,95,2,1,2,17,0,7.45,0,0,0,1,1
2,43,0,114,2,0,1,22,0,9.25,0,0,0,1,0
2,65,1,128,3,0,2,65,0,21.2,24,0,0,3,0
3,40,0,33,4,1,1,7,0,2.8,0,0,1,1,0
3,66,0,460,4,1,1,72,0,89.4,0,0,0,4,0
1,43,0,224,3,0,1,35,0,7.7,0,0,0,1,0
1,39,0,122,4,0,3,24,1,4.45,26.25,35.9,0,4,0
1,24,1,23,3,1,5,64,0,7,0,0,0,2,0
2,63,1,191,3,0,2,63,0,12.7,0,0,0,2,0
1,31,1,187,4,0,3,38,1,12.65,21.25,47.85,0,4,1
2,37,1,119,3,0,3,29,0,4.6,0,0,0,1,0
1,69,1,44,2,1,2,72,0,99.95,0,0,0,3,0
1,27,1,15,3,1,2,10,1,7.5,12.75,39.5,1,4,1
3,64,0,674,4,1,1,72,1,49.6,32.75,60.15,0,3,0
3,23,1,33,4,1,2,52,0,13.1,18.25,0,0,3,0
3,55,0,250,2,1,2,13,0,4.1,0,0,0,1,0
1,33,0,64,4,0,2,3,0,2.15,0,0,1,1,1
3,24,1,26,2,0,4,39,0,10.4,0,0,1,1,1
2,29,0,23,3,0,2,28,0,3.7,0,0,1,2,0
2,42,0,52,4,0,3,46,0,14.25,0,0,0,2,0
2,46,0,200,3,1,1,62,0,26.25,0,0,0,1,0
2,33,1,28,1,0,2,23,0,6.9,0,0,0,3,0
3,25,1,19,5,0,3,23,0,6.95,25,0,1,4,1
2,61,1,76,3,0,2,72,1,54.8,67.25,55.5,0,4,0
3,60,0,70,2,0,1,56,1,7.75,0,26.15,1,1,0
1,30,0,34,2,1,1,8,0,4.25,0,0,0,3,0
3,36,0,34,5,1,3,3,0,2.7,13,0,1,4,0
3,37,0,172,3,0,1,37,0,6.85,0,0,1,1,0
3,53,1,48,1,0,3,37,0,12.55,23.5,0,0,3,0
2,30,0,45,2,1,1,6,0,1.35,0,0,0,1,1
1,47,0,72,3,0,5,48,1,15.3,28.5,32.55,0,4,1
2,43,1,55,4,1,4,43,1,9.1,40.75,50.6,0,4,0
2,29,0,40,4,1,4,21,1,4.5,17,33.4,0,1,0
3,33,0,26,3,0,1,6,1,6.1,18.75,22.8,0,3,1
2,51,0,96,1,0,4,69,0,33.95,87,0,0,3,0
1,33,0,54,1,0,1,22,0,11.05,22.25,0,0,3,0
1,40,1,47,2,1,3,28,0,8.1,29.5,0,0,3,0
1,47,1,142,1,0,2,71,0,32.2,0,0,0,2,0
2,37,0,57,4,0,1,7,0,3.8,0,0,0,1,0
1,29,0,20,3,0,2,63,1,13.3,31,96.25,1,4,0
2,57,0,37,1,0,1,53,0,7.7,0,0,0,2,0
2,52,1,36,4,0,4,50,1,11.95,55,85.85,1,4,0
2,31,1,24,4,0,2,39,0,13.9,0,0,1,4,0
3,19,0,21,2,1,1,16,0,5.25,0,0,0,1,0
3,51,1,186,3,0,2,43,1,18.9,59.75,59.15,0,4,0
3,31,0,30,1,1,3,44,0,8,0,0,0,1,0
2,66,1,96,2,1,2,72,1,35.15,34.75,50.7,1,4,0
3,76,0,15,1,0,1,61,0,18.6,52.75,0,0,3,0
3,21,1,25,1,0,4,43,0,7.6,0,0,0,2,1
3,39,0,49,3,1,1,24,0,7.45,0,0,0,1,0
3,45,0,38,2,1,1,64,0,13.75,22.75,0,0,3,1
2,38,0,29,2,0,2,64,0,17.5,15.5,0,0,2,0
1,26,0,55,2,1,1,24,0,7.6,0,0,0,1,0
3,55,1,64,3,1,3,33,0,5.15,14.5,0,0,1,0
2,33,1,42,4,1,5,33,1,8.8,0,23.35,0,2,0
1,40,0,134,4,0,1,2,0,3.9,0,0,1,1,0
2,48,1,82,1,1,5,42,0,9.3,25,0,1,4,0
1,54,1,153,5,0,2,52,1,11.05,0,30.15,1,2,1
1,66,0,144,2,1,1,45,0,7.75,0,0,0,2,0
3,25,0,22,4,0,2,3,0,2.85,0,0,1,4,1
2,53,1,35,1,1,4,37,0,21.3,0,0,0,3,0
2,57,0,82,4,1,1,28,0,4.05,0,0,1,2,1
3,63,1,61,1,0,2,40,0,10.9,0,0,0,1,0
2,33,0,102,2,0,1,37,1,16.3,0,37.9,1,4,0
3,27,0,31,3,0,5,7,1,4.15,15,41.85,1,4,1
1,56,0,170,1,1,1,71,0,14.2,27,0,0,4,0
2,46,0,26,2,1,1,19,0,6.05,0,0,1,1,0
2,40,0,85,3,1,1,61,0,13.65,29.25,0,1,3,0
3,53,1,183,2,1,2,70,0,32.9,0,0,0,2,0
2,55,1,67,1,1,2,60,0,10.75,0,0,0,1,0
3,45,1,42,1,1,2,48,0,9.25,0,0,0,1,0
1,63,1,31,1,0,2,8,0,2.25,13.75,0,0,3,0
2,58,1,96,2,0,4,58,0,12.5,23,0,0,3,0
1,24,1,24,3,0,5,16,0,9.4,0,0,0,3,0
2,33,0,53,2,1,1,33,0,5.05,0,0,0,1,0
2,25,0,18,1,1,1,39,0,6.75,0,0,0,3,0
1,51,0,43,4,0,2,62,1,27.15,0,41.15,1,2,0
1,34,0,104,3,0,1,50,1,27.5,21.75,47.9,1,4,0
2,55,0,26,1,0,1,48,0,12.15,0,0,0,1,0
3,62,0,56,2,1,1,31,0,4.3,22.25,0,0,3,0
2,33,1,49,2,0,5,65,0,42.9,17.25,0,0,2,0
1,58,0,80,1,1,1,36,0,8.5,0,0,0,2,0
1,46,0,318,3,1,1,61,0,28.9,39.25,0,0,3,0
2,42,0,35,4,0,1,48,0,12.9,0,0,0,3,0
3,45,0,29,1,0,1,35,0,8.4,0,0,0,1,0
1,28,0,43,5,0,5,51,1,11.15,35,80.35,1,4,0
2,51,1,80,5,0,2,49,1,5.75,0,36.7,1,4,1
1,39,1,30,3,1,3,35,0,6.85,27.75,0,0,3,1
1,70,0,9,3,1,1,58,1,23.3,0,35.15,0,2,0
1,35,1,23,2,0,5,23,0,6.7,0,0,0,3,0
2,39,1,58,4,1,2,26,1,8.65,21.25,19.65,0,3,0
1,37,1,52,1,1,4,38,1,12.2,41.5,54.4,0,4,0
1,66,1,14,3,1,2,35,0,4.7,31,0,0,3,0
2,50,0,110,2,1,1,37,0,9.65,28.5,0,0,3,0
2,43,1,60,2,0,2,48,0,15.5,19.25,0,0,2,0
3,43,1,123,3,0,5,13,0,3.85,23,0,1,4,0
1,63,1,15,5,0,2,72,0,20.6,0,0,0,3,0
1,27,0,47,4,1,2,30,0,10.75,0,0,0,2,1
1,43,0,138,4,1,1,24,1,6.65,20.25,24.65,0,3,0
2,51,1,359,3,0,2,25,1,5.75,27.5,21.4,0,4,0
2,52,0,214,3,0,1,50,1,11.5,26.25,48.3,1,4,0
2,40,0,64,1,0,1,28,0,6,27.5,0,0,3,0
3,51,0,50,4,0,1,34,0,16.15,0,0,1,1,0
1,32,0,88,3,0,1,48,1,6.15,33.75,44.75,0,4,0
2,36,1,86,2,1,2,42,0,9.8,0,0,0,2,0
3,65,1,17,1,1,2,67,0,21.7,26.25,0,0,3,0
1,41,1,25,2,0,3,17,0,6.45,0,0,1,3,0
1,38,1,46,2,0,2,29,0,8.35,0,0,1,2,0
3,61,0,361,1,1,1,66,0,12.75,0,0,0,2,0
2,21,0,18,3,1,1,1,0,2.7,0,0,1,1,1
1,33,1,14,4,0,3,28,1,4.55,15.75,23.95,1,4,1
1,35,1,34,3,0,2,15,0,5.15,0,0,1,2,1
2,64,0,9,2,1,1,12,0,3.8,30,0,1,3,0
3,49,0,39,2,1,1,48,1,7,24.5,30.75,0,4,1
2,25,1,18,3,0,4,59,0,20.1,0,0,0,1,0
3,26,1,25,4,0,2,8,0,3.15,0,0,1,1,1
1,52,0,46,5,1,1,45,0,9.4,0,0,1,2,1
1,39,1,94,4,1,4,25,0,3.95,0,0,0,2,1
1,44,1,26,3,0,2,21,1,7.55,41,35.75,0,4,0
2,68,1,335,1,1,3,17,1,3.55,18.75,27.9,0,4,0
2,45,0,25,3,0,1,41,1,7.8,0,23.2,1,1,1
1,45,1,99,3,1,2,13,0,8.7,0,0,0,3,1
2,26,1,30,2,1,5,1,0,1.05,0,0,1,1,1
3,31,1,35,2,1,3,3,1,4.35,12.75,21.5,1,4,1
1,27,1,51,5,1,2,23,0,3.9,0,0,0,1,1
3,42,0,49,3,0,1,26,1,3.5,25,27.7,1,4,1
1,51,1,54,1,0,3,37,0,9.55,16.5,0,0,3,0
3,30,0,46,4,0,1,5,0,4.3,0,0,1,2,1
1,27,1,91,4,1,3,32,1,5.5,16,41.3,1,4,1
3,22,0,23,4,0,2,12,0,4.05,0,0,0,1,0
1,54,1,345,1,0,2,72,0,75.45,0,0,0,3,0
3,25,1,45,4,1,2,3,0,3,15.75,0,1,1,1
1,43,0,53,2,0,1,54,0,14.35,32.25,0,0,3,0
2,26,0,14,2,1,1,26,1,7.8,36.5,27.9,1,4,1
3,36,0,67,5,1,1,14,0,14.05,0,0,0,1,0
3,51,0,49,3,0,1,22,0,9,0,0,1,1,0
3,47,1,37,1,1,4,65,0,19.05,0,0,0,1,0
3,45,0,33,1,0,1,26,0,9.6,24.25,0,0,1,0
1,37,0,46,3,1,4,20,1,4.9,0,41.35,1,4,0
2,60,1,93,1,0,4,67,0,18.85,0,0,1,2,0
1,55,0,48,2,0,1,34,0,4.25,0,0,0,1,0
1,54,1,183,2,0,3,37,0,7.3,20.5,0,0,3,0
2,23,1,16,1,0,4,22,0,5.4,0,0,0,1,0
2,69,0,11,2,0,1,5,0,6.65,9.75,0,0,1,0
1,31,1,42,4,1,3,28,0,12.25,23.75,0,0,3,0
1,41,1,67,4,1,4,20,0,7.25,0,0,0,1,0
3,41,0,181,4,0,1,72,1,27.3,23.25,52.4,1,4,0
2,43,0,53,4,0,1,30,0,7,0,0,1,1,0
3,52,0,172,2,0,1,71,1,49.25,41.5,68.1,0,4,0
2,44,0,87,2,0,1,56,0,14.75,42.25,0,0,3,0
1,29,1,21,5,0,2,8,0,4.15,0,0,0,1,1
2,65,0,9,2,1,1,32,0,6.25,0,0,1,2,0
2,47,0,144,3,1,2,46,0,3.5,28.25,0,0,3,1
3,45,1,117,4,0,3,60,1,12.4,28,52.9,1,4,0
2,32,1,59,4,1,6,42,1,16.7,38.25,72.6,0,4,0
3,60,1,508,4,0,4,71,0,23.55,48.25,0,0,4,0
2,63,1,222,2,1,2,72,0,81.55,62.25,0,0,3,0
3,66,0,87,3,1,1,45,0,6.05,0,0,0,1,0
3,31,0,34,1,0,1,5,1,1.6,17.25,19.85,0,3,1
2,38,1,18,4,1,4,17,0,8.55,0,0,0,2,0
2,55,0,65,3,0,1,70,0,26.7,42.75,0,0,3,0
3,57,1,130,3,1,2,57,0,13.55,0,0,1,2,0
1,33,0,44,3,1,1,20,0,6.4,0,0,1,2,0
1,52,1,63,1,0,3,72,0,41.95,25.75,0,0,3,0
3,50,0,57,4,0,1,32,1,4.6,38.5,23.5,0,3,0
3,57,1,264,1,1,2,22,0,3,0,0,0,3,0
2,24,0,28,1,0,2,6,0,4.4,9,0,0,3,1
3,23,1,26,3,1,6,32,0,11,24,0,0,4,0
1,33,0,38,4,0,1,38,0,10.95,0,0,1,2,0
1,35,0,59,3,1,1,53,0,16.85,23.25,0,0,3,0
3,76,0,117,4,1,1,37,0,7.5,0,0,0,1,0
1,35,1,70,4,1,2,47,1,10.75,33,45.85,1,4,1
3,59,0,104,2,0,1,69,0,16,30.5,0,0,3,0
3,56,0,71,3,1,1,63,0,18.4,0,0,0,1,0
1,34,1,70,3,1,3,61,1,18.85,30,47.3,1,4,1
1,38,1,56,4,0,2,56,1,25.1,26.75,27.4,1,4,0
3,57,1,68,1,0,2,40,0,13.35,25.75,0,0,3,0
2,45,0,80,2,1,1,61,0,18.1,0,0,0,2,0
2,26,0,21,4,0,6,16,1,3.55,11,30.8,1,4,0
2,43,0,69,3,1,1,7,0,4.45,0,0,0,1,0
3,31,1,39,2,1,2,20,0,7.75,0,0,0,1,0
2,38,0,90,2,0,4,35,0,6.8,17.75,0,1,2,0
1,37,1,64,5,1,2,60,0,14.85,0,0,0,2,0
2,25,0,28,2,0,1,47,1,7.75,19.75,31.15,1,4,0
2,28,1,24,2,1,6,33,0,7.5,0,0,1,1,0
3,34,0,44,2,0,1,12,0,4.05,0,0,0,1,0
1,31,0,32,4,1,2,10,0,5.4,0,0,1,2,1
2,33,1,52,4,1,3,69,0,29.95,0,0,0,3,0
1,20,0,15,3,1,1,23,0,7.5,0,0,0,2,0
1,31,0,46,3,0,2,53,0,27.1,18.5,0,0,2,0
2,57,1,107,2,1,2,60,1,17.55,30.75,46.7,0,3,0
2,33,0,56,2,0,1,33,0,13.45,0,0,0,1,0
3,40,1,40,4,1,4,67,1,24.35,0,37.45,1,4,0
3,38,1,56,3,0,3,15,0,5.4,18,0,0,3,0
3,31,1,46,2,1,4,64,1,24.15,0,33.2,1,2,0
2,49,1,51,2,0,2,46,0,7.25,0,0,0,1,1
2,60,1,12,1,0,3,72,1,53.75,68.5,43.95,0,4,0
1,43,1,34,5,0,3,61,1,25.05,39,51,1,4,1
3,27,0,27,2,1,5,54,1,12.4,35,43.5,1,4,0
3,36,0,42,3,1,1,28,0,12.9,28.25,0,0,3,0
2,38,0,119,5,0,3,28,1,5.05,0,42.65,1,4,1
2,43,0,146,1,1,1,32,1,18.3,33.5,17.45,0,3,0
2,46,0,51,2,1,3,52,0,12.5,0,0,0,2,0
1,62,0,86,1,1,1,48,1,16.35,33.5,30.6,1,3,0
3,42,1,27,3,1,2,52,0,19.65,31,0,0,3,0
1,43,0,38,3,0,1,37,0,8.1,0,0,0,2,0
1,52,0,928,3,0,3,41,0,7.65,25,0,0,3,0
2,27,1,21,2,1,3,43,0,12.65,0,0,0,2,0
3,60,0,24,1,1,1,67,0,25.1,0,0,0,3,0
3,52,1,91,1,1,2,61,0,13.8,0,0,0,1,0
3,39,1,38,2,1,4,70,0,30.3,26.5,0,0,3,0
3,32,1,96,4,1,4,44,1,5.25,22,57.8,1,4,0
3,45,0,96,3,0,1,46,0,10.95,0,0,1,2,0
3,34,0,54,3,0,1,39,0,6.5,0,0,0,1,0
2,59,0,1668,4,1,1,39,0,8.2,15,0,0,2,0
2,29,1,53,4,1,4,50,1,13.2,46,46.4,0,4,0
3,31,0,21,3,1,2,5,0,2.6,0,0,1,1,1
2,34,0,52,5,1,1,10,1,4.3,0,25.4,1,2,1
1,69,0,17,3,1,1,72,0,38.2,0,0,0,2,0
2,60,0,262,2,1,1,68,0,31.6,0,0,0,3,0
3,28,0,34,5,1,1,58,0,19.9,0,0,1,2,0
3,44,1,107,1,1,7,18,0,2.25,0,0,0,1,0
1,45,1,67,5,1,2,65,0,9.85,20.75,0,0,3,0
3,45,0,37,4,0,1,8,0,4.65,0,0,1,2,1
2,20,0,21,2,1,2,1,0,.9,0,0,1,1,1
3,58,0,22,1,1,1,42,0,3.6,0,0,0,2,0
1,25,1,71,3,1,5,4,0,3.6,0,0,1,1,0
3,35,0,77,3,1,1,17,0,8.1,15,0,0,3,0
2,24,1,18,4,1,5,8,1,2.95,17,34.3,1,4,1
1,37,1,50,2,1,2,49,0,4.2,0,0,0,2,0
1,46,1,33,4,0,2,56,0,22.7,0,0,1,2,0
1,57,1,94,1,0,2,62,0,11.95,32,0,1,4,0
2,57,1,209,1,1,4,42,0,9.45,0,0,0,1,0
1,32,0,31,4,0,2,13,1,5.05,35.5,23.3,0,3,0
1,46,1,66,2,0,4,69,0,21.85,0,0,0,2,0
2,59,0,51,1,0,2,45,0,5.95,0,0,0,1,0
2,42,1,118,2,0,2,66,0,26.8,0,0,0,2,0
2,35,0,25,2,0,1,15,0,4.75,0,0,1,1,1
1,44,1,59,3,1,3,41,0,12.1,0,0,1,2,0
2,20,0,20,2,1,1,11,1,4.75,23,42.7,1,4,1
3,30,1,63,5,0,4,45,1,7.1,40.75,50.85,1,4,1
1,62,0,36,4,0,1,52,0,13.35,18.5,0,0,1,0
1,56,0,72,4,1,1,42,1,8,0,40.05,1,4,0
2,35,0,50,1,0,3,48,0,12.85,21.75,0,0,3,0
3,31,0,39,2,0,2,4,1,4.9,26,36.4,1,4,1
3,64,1,54,2,1,2,53,1,9.65,39.25,74.8,1,4,0
3,59,0,9,1,0,1,1,0,3.8,26.5,0,0,3,0
3,30,1,33,4,0,3,19,0,4.05,22.25,0,1,4,0
2,30,0,28,1,0,1,33,0,7.4,0,0,0,1,0
3,36,1,44,2,0,3,42,1,7,26.5,26.1,0,3,0
1,32,0,34,4,1,2,60,0,23.95,0,0,0,2,0
2,51,1,68,4,1,3,57,0,16.05,18.75,0,0,3,0
1,39,0,37,1,0,1,64,0,10.2,0,0,0,1,0
2,20,1,18,3,0,3,28,1,7.7,0,32,1,4,0
1,35,1,55,2,0,4,29,0,15.65,21.75,0,0,3,1
1,31,1,21,1,0,5,46,0,8.95,0,0,0,3,0
1,41,1,29,3,0,4,22,0,12.75,0,0,0,1,1
2,56,0,9,2,0,2,10,0,3.2,0,0,0,1,0
3,41,0,138,2,1,1,50,0,12.35,19.75,0,1,2,1
1,65,0,28,4,1,1,55,1,18.6,46.25,41.2,0,4,0
2,54,0,62,1,0,1,15,0,3.15,0,0,0,1,0
1,32,1,37,3,1,3,31,1,4.6,19.75,56.45,0,4,0
3,44,0,83,1,1,1,5,0,4.65,0,0,0,2,1
2,63,0,168,1,1,2,69,0,14.5,44.25,0,0,3,0
2,27,1,33,4,0,6,26,1,5.85,25.5,34.15,1,4,1
3,33,1,66,3,1,4,10,0,7.1,21.25,0,0,1,1
1,30,0,18,4,0,3,26,0,7.25,25.5,0,0,4,1
3,30,0,20,1,1,1,25,0,8.55,21.75,0,0,3,0
3,23,1,19,3,0,4,30,0,7.9,0,0,1,2,0
1,39,1,25,2,0,4,21,1,8.5,27,31.25,0,3,0
1,46,0,119,5,1,1,71,1,42.85,0,111.95,1,4,0
3,48,1,323,4,0,4,11,1,5.25,30,25.75,0,3,1
1,30,1,45,1,1,2,24,0,6,0,0,0,1,0
1,59,1,197,4,0,2,65,0,45.4,0,0,1,2,0
1,34,1,56,3,1,3,16,0,9.35,0,0,0,1,1
3,51,1,24,4,0,2,37,0,8.2,0,0,1,2,0
1,30,0,25,3,0,1,5,0,2.4,14.75,0,0,3,1
1,55,1,26,5,1,2,3,0,6.4,0,0,1,2,1
1,32,0,33,4,0,2,5,0,3.2,0,0,1,1,1
1,44,1,150,2,0,2,60,1,20,63.5,36.8,1,4,0
2,37,1,99,2,1,3,19,0,8,0,0,1,2,1
3,40,0,50,4,1,2,54,1,22.8,0,33.05,1,4,0
2,41,0,81,3,1,4,25,0,7.4,0,0,0,3,0
2,36,0,21,1,0,2,1,0,1.35,0,0,1,2,1
3,68,0,273,3,1,1,54,0,18.35,0,0,1,1,0
1,31,1,39,3,1,7,14,0,4.4,0,0,0,1,0
3,28,1,17,2,0,4,14,0,5.8,0,0,1,1,1
2,45,1,115,3,1,4,10,0,5.7,0,0,1,2,1
1,23,0,27,2,1,3,7,0,3.65,9.5,0,0,1,0
2,45,0,35,1,0,1,33,0,5.65,24,0,0,3,1
1,23,0,20,2,0,1,3,0,4.65,0,0,1,1,0
2,58,1,92,1,0,3,56,0,8.25,0,0,0,1,0
2,56,0,207,2,1,1,54,0,9,25.25,0,0,3,0
1,55,1,40,1,0,5,72,0,34.25,0,0,0,2,0
1,29,0,40,2,0,1,18,0,9.5,0,0,0,3,0
3,29,0,55,4,0,1,25,0,5.25,24.75,0,1,1,1
1,62,0,26,1,1,1,42,0,8.75,0,0,1,1,0
3,37,0,41,2,0,1,4,0,2.8,13.5,0,0,1,0
2,50,1,203,4,0,2,12,1,4.95,22,28.3,1,1,1
2,64,1,380,2,1,2,53,0,12.85,40.25,0,0,3,0
2,38,1,104,4,0,7,13,1,10.25,21.5,58.85,1,4,1
3,31,1,24,3,0,4,18,0,12.15,0,0,1,2,0
3,42,1,81,3,1,5,67,1,24.4,41.25,36.7,0,4,0
2,24,0,17,1,0,1,6,0,3.25,21,0,0,3,0
1,46,0,45,1,1,1,25,0,5.4,16,0,0,3,0
2,39,0,32,2,0,1,15,0,3.45,0,0,1,2,1
3,35,0,57,4,0,1,32,0,8.6,11,0,0,2,0
2,39,0,63,4,0,1,22,0,6.2,0,0,1,2,1
2,22,0,25,4,0,1,8,1,8,32.25,19.45,0,3,0
1,31,1,22,1,0,2,3,0,3.4,0,0,1,1,1
2,54,0,155,2,0,1,32,0,16.35,0,0,0,1,0
1,54,0,30,2,0,1,49,0,15.5,0,0,0,2,0
2,28,0,46,3,1,1,2,1,3.45,0,15.1,1,4,0
1,47,0,68,4,1,2,39,0,8.3,0,0,1,2,1
1,33,0,67,2,0,2,42,0,6.7,0,0,0,2,0
1,36,0,69,3,0,1,28,1,6.05,25.25,36.6,1,4,0
2,46,1,47,2,0,5,41,1,6.3,41.25,50.95,0,4,0
3,50,1,83,2,0,2,67,0,29.45,0,0,1,2,0
1,40,0,34,2,1,1,38,0,4.25,0,0,0,2,0
2,38,0,45,2,1,4,18,1,2.7,31.5,23.4,1,4,1
2,42,1,29,2,1,2,6,1,4.3,25.75,31.9,0,4,0
2,36,0,21,2,1,3,4,0,3.3,0,0,0,1,0
1,23,1,30,3,1,4,13,0,5.15,24.25,0,0,4,0
1,35,0,78,4,0,1,20,1,5.5,0,35.25,1,4,1
1,49,1,61,3,1,2,34,0,12.65,34.25,0,0,3,0
1,29,1,90,5,0,4,46,1,16.85,40.5,39.8,0,4,0
1,41,0,43,2,0,1,48,0,19.5,0,0,0,2,0
3,61,1,301,2,0,2,69,1,26.05,36.75,38.45,0,3,0
1,34,1,32,2,0,4,32,0,9.25,0,0,0,1,0
1,29,0,41,2,0,2,29,0,4.75,23,0,1,2,0
3,52,0,127,1,1,3,55,0,7.05,0,0,1,2,0
3,60,1,271,1,1,2,72,0,21.7,0,0,0,3,0
3,26,0,32,3,1,1,29,0,3.4,0,0,0,1,1
2,25,1,36,4,1,5,50,1,13.05,0,40.85,1,4,0
3,50,1,293,3,0,2,35,0,12.25,0,0,1,1,1
3,63,0,41,3,0,1,11,0,4.15,0,0,1,1,1
1,29,0,39,3,1,1,9,0,4.2,0,0,1,1,0
2,48,0,58,1,0,1,51,0,19.2,25.75,0,0,3,1
1,34,1,28,1,1,3,33,0,13.4,0,0,0,2,0
1,20,0,15,2,0,2,25,0,10.7,23,0,0,3,0
3,34,0,105,4,1,4,31,0,6.45,0,0,0,3,0
2,40,1,80,4,1,2,67,1,33.05,21.75,48.05,1,4,0
3,45,0,36,2,0,3,55,0,25.65,41.75,0,0,3,0
3,50,0,112,4,1,1,19,1,7.15,0,46.55,1,4,0
1,34,1,55,4,1,4,39,1,18.45,33.75,47.85,0,4,0
2,35,1,40,4,0,2,52,1,10.75,33.5,44.6,0,3,0
3,37,1,23,2,1,5,55,0,12.95,32.5,0,0,3,0
2,62,0,28,4,1,1,25,1,8.3,14.75,47,1,4,1
3,58,0,21,2,1,1,33,0,8.8,0,0,0,1,0
2,35,0,63,4,0,2,48,0,13.4,0,0,0,3,1
2,31,1,52,4,0,3,48,1,8.15,26.5,55.55,1,4,0
2,57,0,189,1,1,3,49,0,11,0,0,0,1,0
3,32,1,50,1,0,3,54,0,18.15,46.25,0,0,3,1
1,32,1,23,1,0,4,45,0,9.85,0,0,0,1,0
3,37,1,33,2,1,5,4,0,2.45,0,0,1,1,1
3,27,1,29,3,1,3,49,0,10.4,0,0,1,2,1
2,35,0,96,3,0,1,23,1,6.4,0,46.2,1,4,1
2,44,0,80,5,0,1,31,0,14.05,9.25,0,1,2,1
2,44,1,68,2,0,5,55,0,6.6,43.5,0,0,3,0
1,28,0,30,1,1,6,9,0,4.2,0,0,0,1,0
2,57,1,34,2,0,3,55,0,14.6,0,0,0,1,0
1,30,0,35,2,1,3,34,0,9.05,21.5,0,1,3,0
1,23,0,36,2,0,3,10,0,8.55,14.75,0,0,3,0
2,76,0,35,3,1,1,62,0,17.25,0,0,1,2,0
2,36,0,62,3,0,2,51,1,5.65,36.25,40.4,0,4,0
1,48,0,94,1,0,1,65,0,10.4,0,0,0,2,0
3,33,0,60,1,0,2,53,1,17.65,28.5,28.55,0,4,0
1,35,0,118,2,0,1,23,0,7.9,0,0,1,1,1
3,30,0,135,4,0,3,1,0,1.1,5.75,0,1,1,1
3,55,0,80,2,1,1,66,0,14,30.75,0,0,3,0
3,27,1,21,3,1,2,8,0,3.65,0,0,1,2,0
3,28,1,22,1,1,5,18,0,3.15,173,0,0,1,0
3,32,1,63,4,0,4,36,0,6.2,0,0,0,2,0
1,40,0,142,2,1,1,13,0,8.45,0,0,0,1,1
3,44,0,32,3,1,1,4,0,2.1,13.75,0,0,3,1
3,32,0,19,3,0,1,20,0,6.85,0,0,1,2,0
1,39,1,60,4,0,3,66,1,20.15,39.25,36.4,1,4,0
3,47,1,97,1,0,4,67,0,22.4,0,0,0,3,0
1,24,1,31,2,1,4,11,1,5.4,16,33.55,1,4,1
1,26,0,30,3,1,2,6,0,6.35,0,0,0,1,1
2,23,1,31,1,1,4,13,1,4.6,0,27.7,1,1,0
2,29,1,44,2,1,6,2,1,2.1,16.25,33.6,1,4,1
1,40,0,38,2,0,1,4,0,8.15,0,0,0,1,0
1,63,1,23,2,1,2,34,1,14.3,19.5,28.95,1,4,0
1,34,1,37,3,0,4,13,0,6.85,0,0,0,3,0
2,40,1,26,2,0,5,37,0,18.9,0,0,1,2,0
1,30,1,38,2,0,6,45,0,12.75,0,0,0,3,0
2,70,0,153,3,1,1,71,1,30.55,46.25,46.7,0,3,0
1,40,0,49,1,1,1,35,0,3.4,0,0,0,1,0
3,41,0,51,3,0,1,44,0,4.95,0,0,1,1,0
3,45,1,88,1,0,2,44,0,11.9,25.25,0,0,3,0
1,41,1,19,1,1,6,26,0,5.45,0,0,0,1,0
2,46,1,31,1,1,3,42,0,5.9,0,0,0,1,0
2,47,1,90,2,0,3,41,0,6.7,0,0,0,1,1
1,24,1,14,1,0,4,31,0,7.2,0,0,0,1,0
3,63,0,341,2,0,1,62,0,14.6,0,0,0,3,1
1,23,1,24,4,1,8,12,1,3.2,41,35.4,0,4,0
2,49,1,81,2,1,4,45,0,13.85,50.5,0,0,3,0
1,34,1,63,2,1,4,47,0,18.95,0,0,0,1,0
2,22,1,27,1,0,5,23,0,7.9,23,0,0,3,0
3,34,0,20,5,1,1,39,1,9.55,21.25,79.2,1,4,0
2,26,0,48,3,0,2,19,0,7.55,0,0,0,3,0
1,54,0,121,4,0,1,13,0,7.3,0,0,0,3,0
2,33,0,39,3,0,3,5,0,2.1,19.5,0,1,4,1
2,19,0,21,2,0,1,11,0,3.6,0,0,1,1,1
3,32,0,53,4,0,1,4,0,7,11,0,1,1,1
3,42,0,58,1,0,1,17,0,5.05,0,0,0,2,1
2,27,0,39,3,0,1,7,0,3.55,0,0,0,1,1
1,65,0,108,1,0,3,19,0,5.95,21.5,0,0,3,0
2,34,1,38,1,0,4,32,0,7.35,0,0,1,2,0
2,51,0,245,4,0,1,53,0,18.45,28.25,0,0,2,0
1,38,0,51,1,1,1,51,0,11.7,26,0,0,3,0
1,34,0,78,4,1,1,35,0,13.9,0,0,0,1,0
1,31,1,23,4,0,5,3,1,2.8,16.5,21.7,1,4,1
1,48,0,88,4,0,1,22,0,4.5,0,0,0,1,1
3,21,1,25,2,1,3,17,0,6.1,0,0,1,3,0
2,39,0,73,2,1,1,68,0,44.95,15.75,0,0,2,0
2,41,1,62,4,1,2,27,0,13.7,16.25,0,0,3,0
3,52,1,456,3,1,4,68,1,22.25,27.5,29.75,0,3,0
3,42,1,24,2,0,2,56,0,33.65,0,0,0,3,0
3,32,0,23,2,1,1,11,0,6.2,0,0,1,1,0
3,47,0,46,1,1,1,5,0,2.95,0,0,0,1,1
3,50,0,263,2,1,3,16,1,3.75,17,21.9,1,3,0
2,30,0,34,4,1,1,59,0,16.7,0,0,0,2,0
1,64,0,33,2,0,1,60,1,30.75,22.25,47.4,1,4,0
3,47,0,37,1,0,1,55,0,14.75,20.25,0,0,3,0
1,56,0,296,2,0,1,18,0,3.4,0,0,0,1,0
2,22,0,26,3,1,3,16,0,4.1,0,0,1,2,1
1,57,1,47,4,0,2,35,0,7.25,0,0,0,2,0
3,23,1,31,3,1,2,31,1,16.6,19,51.35,1,4,1
2,49,1,264,2,1,2,20,0,9.6,0,0,0,1,0
2,27,0,41,4,1,1,16,1,6.9,15.75,30.95,1,4,1
2,48,1,55,2,0,2,69,0,19.6,35.75,0,0,3,0
3,66,1,49,2,0,2,69,0,23.1,29.25,0,0,1,0
2,24,1,26,1,1,4,27,0,6.05,0,0,0,1,1
3,39,0,110,4,0,1,48,1,18.05,30.25,30.4,0,3,0
1,52,1,66,1,1,2,18,0,12.8,27.75,0,0,1,0
2,40,1,39,3,1,2,24,1,4.05,25.75,22.5,0,3,0
2,42,0,31,2,0,1,17,1,8.25,24.5,26.4,1,4,1
2,24,1,26,4,1,3,9,0,7.65,0,0,0,1,0
2,46,0,232,4,1,2,15,1,4.3,23,31.3,1,4,1
1,37,1,43,4,1,3,62,0,9.2,0,0,0,2,0
1,41,0,39,4,0,1,9,1,4.7,0,20.8,1,1,1
2,41,1,73,2,1,2,71,0,32.65,0,0,0,3,0
2,59,1,74,1,0,2,62,0,16.1,36,0,0,3,0
2,38,0,237,4,0,1,20,1,6,21.25,26.9,0,4,0
1,33,1,22,1,0,5,19,0,3.95,0,0,0,3,0
2,61,1,21,1,0,2,49,0,15.85,24.75,0,0,3,0
3,64,0,9,2,0,1,3,0,4.95,0,0,0,1,1
1,36,0,41,5,0,1,33,1,4.15,0,27.05,1,1,1
2,44,0,50,4,1,1,38,0,7.15,0,0,1,2,1
3,48,1,27,3,1,3,42,1,16.5,36,28.4,1,4,0
1,26,0,53,3,0,1,11,1,4.15,21.5,38.8,1,4,1
3,28,1,58,3,0,2,27,0,5.8,22.5,0,0,3,0
3,50,0,151,4,1,1,23,0,8.25,21.75,0,0,1,0
2,38,1,54,2,0,2,4,1,4.75,26.25,24.45,0,3,0
3,42,0,31,1,1,1,36,0,10.05,0,0,0,1,1
2,42,0,115,1,1,1,37,0,15.1,0,0,0,3,0
3,58,1,24,1,0,2,24,0,7.65,16,0,0,1,0
3,24,0,17,2,0,3,4,0,3.2,0,0,0,1,1
3,33,0,47,2,1,2,54,0,13.9,32,0,0,3,0
3,49,0,36,1,1,1,7,0,8.85,19.5,0,0,3,1
1,28,0,75,4,0,1,10,1,6.2,27.5,36.3,1,4,1
3,35,1,41,5,1,2,24,0,3.3,0,0,1,2,0
3,31,0,18,4,0,1,12,0,3.7,0,0,1,1,1
2,54,0,171,3,1,1,45,0,9.05,18.5,0,0,3,0
3,55,1,42,3,1,2,59,0,8.95,0,0,0,2,0
1,21,1,36,3,1,4,3,0,3.2,0,0,0,1,0
3,35,0,31,5,0,1,8,1,4.4,17.25,42.05,1,4,1
1,59,0,207,2,1,2,16,0,7.45,15.5,0,1,4,0
3,33,0,38,1,1,1,32,0,7.3,0,0,0,1,0
1,49,0,134,4,1,1,8,1,3,30.5,60.3,1,4,1
1,28,1,28,3,0,3,9,0,4.5,0,0,1,2,1
2,19,1,15,2,1,4,12,0,5.85,0,0,0,2,0
2,43,1,48,4,0,6,24,1,14.4,25.75,36.95,1,4,0
3,75,0,14,2,1,1,72,0,37.3,0,0,0,2,0
3,61,0,101,4,1,1,58,0,16.35,0,0,0,2,0
1,44,1,87,2,0,3,70,0,18.9,47.5,0,0,3,0
3,25,0,27,1,1,1,9,0,12.2,0,0,0,1,1
1,25,0,27,5,1,1,49,1,9.9,0,26.9,1,2,0
3,54,0,59,3,0,1,52,1,15.25,32.5,39.3,0,3,0
1,42,1,294,4,1,6,10,1,4.85,27.5,36.85,1,4,1
1,52,1,44,3,0,2,14,1,4.85,0,14.9,0,3,0
1,27,1,35,2,0,6,19,0,5.4,20.5,0,0,4,0
3,36,1,205,4,1,4,12,1,5.95,0,32,1,2,1
1,59,0,732,3,1,1,65,0,10.15,0,0,1,2,0
1,40,1,59,3,0,2,67,0,27,30,0,0,3,0
2,24,1,23,1,0,2,29,0,10.2,32.25,0,0,3,0
3,46,0,87,2,1,1,55,0,17.9,0,0,1,1,0
3,67,1,110,1,1,2,71,0,33.85,21.75,0,0,3,0
3,44,1,83,3,1,3,5,1,4,26.25,21.95,0,3,1
3,58,0,63,4,1,3,60,0,16.35,28,0,1,2,0
2,40,0,22,3,1,1,10,0,5.05,0,0,0,1,1
3,64,0,43,3,0,1,52,1,12.85,28.5,37.15,0,4,0
2,43,1,35,2,0,3,61,0,21.05,15.5,0,1,2,0
1,29,1,48,2,0,4,61,0,17.55,0,0,0,2,0
2,47,1,69,3,0,3,67,0,49.35,27,0,0,3,0
3,42,1,26,4,0,4,41,0,10.95,0,0,0,2,0
1,28,0,20,1,1,1,30,0,12.4,0,0,0,1,1
1,46,0,43,2,0,1,24,1,12.05,48.25,28.15,1,4,0
1,75,0,33,1,1,1,72,0,49.3,31.75,0,0,2,0
2,35,0,66,2,0,1,17,1,5.15,0,28.05,1,4,1
2,72,0,12,2,0,1,65,0,29.6,0,0,0,3,0
1,30,1,90,2,0,5,15,1,7.35,18.5,23,1,4,0
1,33,0,35,3,1,1,34,0,7.5,0,0,0,2,1
1,43,0,51,5,1,1,26,0,7.9,0,0,0,2,1
2,45,0,117,3,1,1,36,0,10.5,0,0,1,2,0
1,48,0,100,2,1,1,60,0,24.4,42.25,0,0,3,0
1,54,0,147,1,0,4,16,0,6.95,23.25,0,0,3,0
2,33,0,53,4,1,1,1,0,1.95,0,0,0,1,1
3,30,1,57,5,0,4,56,0,16.85,0,0,1,2,0
2,50,0,37,2,0,1,6,0,5.35,0,0,1,2,0
2,34,0,42,3,1,1,48,0,14.15,0,0,0,2,0
2,36,1,50,1,0,2,34,0,10.2,24.5,0,0,3,0
2,42,1,55,4,0,5,54,1,14.3,55.5,83.7,1,4,1
3,31,1,42,2,1,4,38,0,10.8,22.25,0,0,4,0
2,55,0,37,1,1,1,25,0,10.95,0,0,0,1,1
1,69,1,228,3,1,4,47,1,10.8,35.5,50.9,1,4,1
1,62,1,163,5,0,2,72,1,28.35,32.75,56.55,0,4,0
2,35,1,28,4,1,3,6,1,3.25,23,30.3,0,4,0
1,51,1,118,5,1,2,30,0,6.4,0,0,0,1,0
1,70,1,115,2,1,2,65,1,26.85,26,33.75,1,4,0
1,44,1,37,4,0,2,22,0,14.3,35.25,0,0,3,0
1,53,0,93,1,0,1,60,0,13.35,39.5,0,0,3,0
2,32,0,71,4,1,1,19,1,5.25,21.5,47.8,1,4,1
3,25,0,26,2,1,3,18,0,3.3,27.5,0,0,1,0
1,37,1,14,4,1,6,9,0,2.4,0,0,0,1,1
1,34,1,18,1,1,2,1,0,1.6,0,0,0,1,1
3,28,1,36,4,1,3,10,1,6.3,19.75,22.65,1,4,0
3,34,1,43,4,0,4,45,0,6.55,0,0,1,2,1
1,28,1,41,4,1,4,25,1,5.8,14.25,26.6,1,3,1
3,39,0,66,2,1,1,66,0,11.6,0,0,0,2,0
1,67,0,33,4,1,1,27,0,3.6,17.75,0,0,3,1
1,41,0,53,4,0,1,19,0,6.45,0,0,0,1,0
2,41,1,28,4,0,6,17,0,1.8,0,0,0,1,0
2,36,0,58,4,0,1,16,0,4.85,18,0,1,1,0
1,42,1,129,4,1,3,8,0,6.1,0,0,1,1,0
1,25,0,65,4,1,1,3,0,3.3,0,0,1,4,1
3,57,0,311,3,1,1,59,0,28.75,0,0,0,1,0
2,37,0,57,3,1,1,45,0,10.8,0,0,1,2,0
1,62,0,47,2,1,1,66,0,34.25,21,0,0,2,0
3,50,1,25,1,0,2,28,0,14.85,0,0,0,1,0
1,38,1,46,5,0,3,15,0,3.85,0,0,0,1,1
3,34,1,51,3,1,4,39,1,7.9,78.75,38.8,0,4,0
3,33,0,19,2,1,2,38,0,8.5,14.25,0,0,3,0
3,29,0,26,3,1,2,34,0,6.75,0,0,1,2,0
3,57,1,72,5,0,2,60,1,20.35,29,55.9,1,4,0
3,65,1,71,1,1,4,72,0,53.65,22.5,0,0,3,0
1,42,1,41,2,0,8,42,0,15,29.25,0,0,3,0
3,37,0,44,2,0,1,32,0,11.25,0,0,1,1,0
3,50,1,208,4,1,2,48,1,12.9,22.75,41.25,1,4,1
3,37,1,45,4,1,6,63,0,14.95,0,0,1,2,0
3,27,1,39,3,0,4,45,0,13.45,0,0,0,2,0
2,42,0,89,4,0,1,68,0,25.6,0,0,1,2,0
1,29,1,19,2,1,2,6,0,4.2,0,0,0,1,0
1,57,1,15,2,1,2,68,1,16.1,49,50.6,1,4,1
3,68,1,59,2,1,2,72,1,58.65,24,48.85,0,4,0
3,38,1,20,3,1,4,53,1,12.05,0,20.25,1,2,0
3,51,1,27,4,0,3,20,0,9.05,24.75,0,1,3,0
2,35,1,48,2,0,3,70,0,43.6,0,0,0,2,0
3,47,0,135,2,1,1,32,0,10.5,0,0,0,1,0
2,52,1,19,1,0,2,61,0,18.2,24.75,0,0,3,1
1,25,1,28,4,0,3,24,1,10.6,0,23.4,1,2,0
2,61,1,12,1,1,2,56,0,16.85,0,0,0,1,0
3,59,0,28,2,0,1,54,1,10.7,0,19.05,0,2,0
3,38,1,18,3,1,3,43,1,9.4,0,29.4,0,4,0
1,35,0,58,3,1,1,19,1,3.65,37,43.05,0,4,1
3,43,0,72,3,1,1,5,0,5.55,15.75,0,0,3,0
1,61,1,112,4,1,4,24,0,8.2,0,0,1,1,1
3,35,1,28,2,1,2,62,0,18.45,0,0,0,2,0
2,40,0,398,5,1,1,14,1,6.4,18,47.7,1,4,1
3,48,1,106,3,1,3,60,1,13.05,44.25,69.55,0,4,0
2,74,1,10,1,1,2,30,0,7.25,30.25,0,0,3,0
1,42,1,108,3,0,4,40,0,4.95,0,0,1,2,1
2,50,1,85,2,1,4,42,0,14.3,0,0,0,1,0
1,34,0,51,3,1,1,20,0,5.65,0,0,0,2,1
1,22,1,22,2,1,3,4,0,2.25,0,0,0,3,0
2,49,1,66,2,1,4,44,1,4.25,43.25,39.55,0,4,0
3,63,0,10,2,0,1,49,0,13.9,33.25,0,0,3,0
3,36,1,34,1,1,2,5,0,3.5,19.5,0,0,3,1
3,50,1,67,1,0,4,70,0,51.9,0,0,0,2,0
1,57,1,19,1,0,4,30,0,7.25,0,0,0,1,1
2,48,0,128,4,1,1,28,1,10,20.75,55.3,1,4,1
1,28,1,39,5,0,6,5,1,4.7,24.25,32.5,0,4,0
2,35,0,56,1,1,1,27,1,8.25,32.5,33.85,1,4,0
2,39,0,45,4,1,1,17,0,8.65,0,0,1,1,1
1,37,1,25,1,1,5,4,0,2.5,0,0,0,1,0
1,23,1,24,2,1,4,30,0,13.35,22.5,0,0,3,0
3,40,1,53,4,1,2,71,1,10.15,40,38.35,0,4,0
3,77,0,49,1,1,1,67,0,25.35,0,0,0,1,0
3,48,1,38,1,1,2,24,0,5.55,0,0,0,1,0
1,54,1,84,3,1,2,24,0,11.45,0,0,1,1,1
2,54,0,126,1,1,1,59,0,13.6,28.75,0,0,3,0
3,32,0,73,4,0,1,59,0,29.2,21.5,0,1,2,1
3,37,1,41,4,1,6,44,0,9.15,0,0,1,2,0
1,31,1,22,4,0,3,19,0,4.85,0,0,0,2,1
2,46,1,23,1,1,2,58,0,11.1,0,0,0,1,0
1,53,1,94,2,0,2,41,0,12.65,0,0,0,2,0
2,33,0,30,3,0,4,16,1,9.25,21,41,0,3,1
3,36,0,31,2,0,1,13,0,2.3,0,0,0,1,1
1,53,0,171,1,1,1,60,0,9.9,31.75,0,0,3,0
2,49,1,102,1,1,6,72,0,41.15,0,0,0,2,0
2,39,0,27,4,1,1,33,1,9.7,21.75,61.6,1,4,0
2,45,1,98,4,1,2,72,1,30.25,0,42.85,0,4,0
1,54,1,591,4,1,2,66,1,25,34.25,53,0,4,0
3,37,1,25,1,1,6,53,0,5.4,52,0,0,3,0
2,28,1,36,4,0,4,22,1,9.7,21.5,42.9,1,4,0
2,26,1,25,2,1,3,14,0,4.4,0,0,0,3,0
1,49,0,69,2,1,2,52,1,18.35,0,34.5,0,3,0
3,30,1,22,1,0,2,33,1,5.55,33.75,30,0,3,0
3,66,0,67,2,1,1,72,0,39.1,65,0,0,3,0
1,40,1,73,4,1,4,40,1,10,0,27.15,0,3,1
2,26,0,22,4,1,1,29,1,6.1,0,35.55,1,4,1
3,67,0,9,2,0,1,63,0,18.05,0,0,0,3,0
2,54,0,147,3,1,1,56,1,12.7,24.5,34.2,1,2,0
3,50,1,239,2,1,2,60,1,21.5,77.75,64.2,0,4,0
3,22,1,23,3,0,5,28,0,10.95,0,0,1,1,0
2,39,0,29,4,0,1,39,0,5.95,0,0,0,2,0
3,39,1,32,2,0,4,65,0,21.1,0,0,0,3,0
3,31,0,30,3,1,1,29,0,7.6,33.75,0,0,3,0
3,36,0,57,2,1,2,28,0,9.6,21.75,0,0,3,0
1,18,0,20,2,0,1,2,1,3.75,22.25,27.1,0,3,1
3,52,0,248,2,1,3,67,0,35.85,39.75,0,0,3,0
3,35,1,59,3,1,5,5,1,3.1,18.5,26.4,1,4,0
3,35,0,24,2,0,1,48,0,16.95,43,0,0,3,0
2,26,1,25,1,1,3,10,0,3.7,0,0,0,1,0
2,28,0,37,3,1,1,17,0,5.5,0,0,0,3,1
1,24,1,30,4,1,5,21,1,17.8,23.75,31.75,1,4,0
2,51,0,66,4,0,2,25,1,6.45,16.25,34.55,1,4,0
3,31,0,16,1,0,1,44,0,14.4,0,0,0,1,1
2,49,0,429,4,1,2,59,1,10.2,24.25,43.35,1,4,1
2,26,0,20,2,0,1,11,0,6.95,0,0,0,1,0
2,68,1,262,3,0,2,50,1,12.4,20.5,25.15,1,3,0
3,25,1,28,3,1,5,23,0,4.15,0,0,0,2,0
1,19,0,18,2,1,2,17,0,7.1,0,0,1,2,1
1,62,1,144,3,0,2,15,1,5.25,15.5,33.95,0,3,0
2,57,1,33,1,1,2,68,0,13.5,0,0,0,2,0
1,42,1,19,3,1,2,69,0,25.95,0,0,1,1,0
1,24,1,30,1,1,5,30,0,6.75,0,0,0,1,1
3,30,0,41,2,0,1,22,1,6.1,22.75,21.35,0,3,0
2,20,1,20,2,1,4,10,0,5.9,0,0,0,1,1
1,59,1,65,3,1,6,72,0,34.65,0,0,0,2,0
2,24,1,17,4,1,2,34,0,15.25,0,0,0,3,0
2,49,1,66,1,0,4,43,0,8.6,0,0,0,3,0
3,37,1,18,4,0,3,31,1,5.2,19.5,39.8,1,4,0
2,27,1,26,4,0,5,6,0,5.6,12,0,0,1,1
2,42,0,46,4,0,1,48,0,14.45,0,0,0,3,0
2,25,0,19,1,0,3,50,0,7.25,0,0,0,1,0
3,41,1,58,2,1,2,20,0,5.25,0,0,0,2,0
3,73,0,25,1,0,1,61,0,16.65,0,0,0,1,0
2,21,0,15,2,1,1,6,0,3.65,0,0,0,1,0
2,22,0,35,2,0,1,1,0,1.65,0,0,1,1,1
1,43,0,41,2,1,1,21,1,6.15,23.75,37.25,1,4,1
3,32,0,71,4,0,2,7,1,3.6,15.25,28.05,1,4,0
3,56,1,608,3,1,2,65,1,14.55,69.5,68.3,0,4,0
1,37,0,44,4,1,1,64,0,16.15,0,0,1,2,0
3,30,0,41,2,0,2,4,0,2,0,0,0,3,1
1,45,1,83,3,1,2,67,0,27,0,0,1,2,0
2,35,0,28,2,0,2,22,0,6.6,0,0,0,2,1
3,37,1,101,2,1,2,51,0,14.95,0,0,0,3,0
1,28,0,28,1,1,1,50,1,6.4,17.25,22,0,3,0
1,47,1,35,2,0,2,31,0,11.95,0,0,0,1,0
3,28,0,39,2,1,1,4,0,7.1,15,0,0,3,1
3,56,0,51,4,0,1,60,1,15.25,0,67,1,4,0
3,31,1,31,2,1,6,7,0,5.05,0,0,1,1,1
3,40,0,209,4,1,1,20,0,7.2,0,0,1,2,0
2,23,1,37,3,1,4,19,0,8.4,17.5,0,0,3,1
3,37,1,64,4,1,2,58,1,10.8,58.75,109.7,1,4,1
3,64,0,88,3,1,1,65,1,15.1,36.25,48.8,1,4,1
3,61,1,61,1,0,3,72,0,27.35,0,0,0,2,0
3,42,0,66,3,0,1,8,1,1.95,0,21.5,1,4,0
2,40,1,19,3,0,2,33,0,5.05,0,0,0,1,0
3,34,1,42,2,1,5,18,0,6.45,19,0,0,4,0
2,31,1,41,2,0,5,24,0,8.5,20,0,0,3,0
3,36,0,50,1,1,1,70,0,20.55,0,0,0,2,0
1,38,0,70,4,0,1,7,1,3.85,19.25,17.7,1,4,1
3,59,0,85,1,1,1,70,0,38.9,62.5,0,0,3,0
2,48,1,45,3,1,2,20,1,10.7,33,29.4,0,3,1
3,32,1,27,1,0,2,54,0,33.95,0,0,0,2,0
3,48,0,29,1,0,1,36,0,6,0,0,0,1,0
3,53,1,48,4,1,2,71,0,34.95,28.75,0,0,3,0
1,41,0,32,2,0,1,17,0,12.6,9.5,0,0,3,0
1,45,1,43,1,0,3,18,0,4.45,17,0,0,3,0
1,27,0,16,5,1,1,16,1,5.45,17.75,33.9,1,4,1
3,30,1,22,2,1,2,38,0,5.6,0,0,1,2,0
1,45,1,40,3,1,3,52,1,8.45,0,34.1,1,4,0
1,48,1,256,3,0,6,46,1,13.8,31.75,66,0,4,0
2,46,0,144,4,0,1,31,0,7.6,15.25,0,1,3,0
2,31,0,45,4,0,2,23,0,5,11.75,0,1,2,0
2,56,1,34,2,1,3,38,1,7.8,0,24.65,0,3,0
2,54,0,248,3,1,1,50,1,11.05,17.25,29.15,0,3,0
2,49,0,41,2,0,1,16,1,4.1,14,31.8,0,4,0
2,34,1,27,4,1,2,14,1,6.05,23.5,37.85,1,4,0
2,52,0,17,3,1,1,30,0,10.3,0,0,0,2,1
3,47,1,44,4,1,3,22,1,9,21.25,57,1,4,1
1,55,1,135,2,0,4,38,0,12.15,31.75,0,1,4,0
3,26,1,41,4,1,3,59,1,12.65,0,29.15,0,2,1
2,55,0,587,3,0,1,54,0,13,0,0,0,3,0
3,40,0,38,4,1,1,9,1,3.35,21,59.55,1,4,1
1,67,1,49,2,1,2,67,0,14.3,0,0,1,2,0
2,44,0,33,3,1,2,24,0,4.65,0,0,1,1,0
2,55,1,36,1,1,2,12,0,5.95,0,0,0,2,1
1,47,0,54,3,0,1,26,1,7.1,16,23.5,1,2,0
2,32,0,58,2,0,4,3,1,2.75,15.75,28.55,1,4,1
2,46,0,23,5,1,2,20,0,4.75,0,0,1,4,0
3,52,1,97,5,0,2,5,1,3.1,16.5,40.3,0,4,1
3,53,0,207,3,1,1,58,1,7.3,29.5,62.8,1,4,1
1,28,1,21,3,0,4,54,0,10.4,0,0,0,1,0
2,39,0,119,3,1,1,52,0,10.5,25,0,1,1,0
2,30,1,25,1,1,4,38,0,3.95,0,0,0,1,0
2,46,0,59,3,0,1,19,0,5.6,9,0,0,1,0
2,33,1,24,1,0,4,22,0,7.1,0,0,1,1,0
1,35,1,113,4,0,5,49,0,16.1,0,0,1,2,0
3,39,0,22,1,1,2,5,0,4.7,19,0,0,3,0
2,69,0,11,1,0,1,18,0,3.85,0,0,0,1,0
3,29,0,33,1,1,4,43,1,22.05,18.75,24.95,0,3,0
3,50,0,205,5,0,1,17,1,6.95,21.25,36.65,1,4,1
2,33,0,41,3,1,3,37,0,9.2,0,0,1,2,1
2,39,0,39,1,1,1,8,0,3.15,10.75,0,0,1,0
2,46,1,107,2,1,6,51,1,17.3,25.75,37.4,0,3,0
1,55,1,198,1,1,3,71,0,17.8,44.25,0,0,3,0
1,53,1,100,5,1,2,56,0,14.15,0,0,1,2,0
3,68,0,1131,2,0,1,70,1,14.85,57.5,39.5,0,3,0
1,53,0,360,3,1,2,62,0,31.9,53.25,0,0,3,0
1,52,1,162,2,1,2,50,1,12.85,24.25,42.85,1,4,0
3,31,0,29,5,1,3,1,0,1.45,0,0,1,1,1
3,26,0,38,4,0,2,15,0,7.4,0,0,1,4,1
3,55,1,82,3,1,2,72,0,62.3,0,0,1,2,0
2,47,1,159,2,0,4,69,0,25.2,0,0,0,3,1
2,44,0,201,2,0,1,32,0,7.65,28,0,0,3,0
1,25,1,27,4,1,2,19,0,9.55,20.5,0,0,3,1
2,54,0,57,3,1,1,42,1,8.7,0,47.5,1,4,0
3,49,0,45,1,0,1,51,0,15.7,0,0,0,1,0
2,22,1,17,2,1,4,32,0,4.8,28,0,0,3,1
3,55,1,61,1,0,2,26,0,4.25,29,0,0,3,0
2,44,1,418,4,0,2,39,0,7.05,27.5,0,0,4,0
2,53,0,152,2,1,1,72,1,43.25,50.5,44.9,0,4,0
2,39,0,38,4,0,2,4,1,2.8,22.75,30.2,0,4,1
2,50,1,151,4,0,3,54,1,21.95,40.25,21.8,0,3,0
1,40,1,23,4,1,3,34,1,5.95,25.75,37.7,1,4,0
1,25,1,33,4,1,3,20,1,4.55,16,27.05,1,1,0
3,49,0,26,1,0,1,14,0,6.5,0,0,0,1,0
1,59,0,89,1,1,1,61,0,17.35,35,0,0,3,0
2,24,0,25,4,0,1,4,0,3.75,0,0,0,1,1
3,48,0,59,2,0,2,16,0,7.85,20.25,0,0,3,1
1,41,0,55,2,1,3,13,0,4.85,0,0,1,1,0
2,37,1,25,3,1,2,53,0,9.95,0,0,1,2,1
2,36,1,39,2,1,7,58,1,16.4,38.25,57.05,1,4,1
2,38,1,56,1,1,2,25,1,10.55,0,23.65,0,3,0
1,61,1,155,3,0,2,71,0,23.9,27.5,0,0,3,0
1,33,1,119,5,1,4,22,1,4.3,23.25,60.35,1,4,1
1,48,1,64,3,0,2,46,1,10.2,26.5,23.2,1,3,0
3,50,1,333,5,0,2,66,0,10.3,0,0,0,2,0
1,58,1,26,2,1,3,69,1,32.65,33,50.65,0,4,0
2,49,1,33,4,0,4,38,1,6.85,0,25.15,1,2,0
3,35,0,46,3,0,1,16,0,5.1,0,0,1,1,0
3,39,1,41,2,0,4,44,0,7.55,16.25,0,1,4,0
1,50,0,31,1,0,1,50,0,11.95,0,0,0,3,0
3,23,0,29,4,1,1,10,1,4.95,32,50.45,1,4,0
2,41,0,94,2,0,1,7,1,3.85,28,41.4,1,4,0
3,48,0,288,3,0,1,71,0,30.9,0,0,0,1,0
3,39,1,31,1,1,5,16,0,5,0,0,0,1,0
3,20,0,25,2,1,2,6,0,1.9,20.75,0,0,3,0
2,55,0,269,2,0,1,46,0,10.1,39,0,0,3,0
3,49,1,203,3,0,4,51,0,17.6,22,0,0,3,0
3,34,0,22,2,0,2,5,1,3.6,12.5,19.3,1,1,1
2,54,1,25,2,1,4,49,0,14.65,0,0,0,1,0
3,51,1,222,5,0,2,49,0,12.25,0,0,1,2,0
1,30,1,76,3,0,2,26,0,9.45,0,0,1,1,0
3,39,0,55,2,1,1,22,1,5.4,38.75,50.2,1,4,1
3,45,1,46,3,0,2,51,1,20.7,34.75,48.65,0,4,0
1,27,1,56,4,0,4,19,1,4.75,0,37.7,1,4,1
1,36,0,79,3,1,5,9,1,5.8,27.75,25.9,0,3,1
3,25,1,51,3,1,2,15,0,3.15,0,0,0,1,0
2,63,0,61,1,0,1,57,0,12.7,38.25,0,0,3,0
3,45,0,41,1,1,2,48,0,10.2,0,0,0,1,0
2,53,1,50,2,1,2,9,0,3.1,0,0,1,1,1
1,52,0,82,1,0,1,61,0,12.1,0,0,0,3,0
3,53,0,108,1,0,1,72,1,32.55,35.5,40.75,0,3,0
3,60,0,14,2,1,1,57,0,16.1,14,0,0,3,0
2,51,0,46,1,0,1,57,0,15.1,0,0,0,2,0
1,60,1,46,1,0,3,37,0,8.8,37.75,0,0,3,0
3,51,0,146,4,0,2,45,0,20.25,0,0,1,1,0
3,39,1,36,1,1,5,45,0,15.2,0,0,0,1,0
2,44,0,83,1,1,1,55,0,17.35,24.5,0,0,3,0
2,27,0,17,3,0,5,24,0,5.2,18.5,0,0,2,1
3,20,0,18,3,0,1,1,1,4.2,0,16.85,1,1,1
2,23,1,24,1,1,4,34,0,6,28,0,0,3,0
3,37,1,48,3,1,4,14,0,4.9,14.5,0,0,1,0
3,32,0,47,1,0,1,6,0,3.85,23.75,0,0,3,0
3,30,0,25,4,0,2,24,1,8.7,47.75,64,1,4,1
2,26,1,59,4,1,3,3,1,2.55,23.5,19.2,0,4,1
1,30,0,45,4,0,3,4,0,3.65,0,0,1,4,1
1,40,1,163,4,0,2,72,0,39,31.25,0,1,2,0
1,56,0,63,2,1,1,44,0,7.5,20.25,0,0,3,1
1,43,0,27,3,0,1,50,0,15,45.25,0,0,3,0
2,50,1,190,2,1,2,61,1,16.85,0,44.1,1,2,0
1,52,1,106,2,0,2,34,0,4.95,19,0,0,3,0
3,54,1,26,3,1,2,26,1,5.2,23.5,39.25,1,4,1
1,46,1,63,5,0,2,15,1,3.7,16.5,33.1,1,4,1
3,39,0,27,3,1,3,10,0,3,0,0,1,1,0
1,34,0,22,5,1,1,7,0,4.65,0,0,0,1,0
3,59,0,944,5,1,1,67,1,26.75,32,65.8,1,4,0
3,49,0,87,2,1,1,70,0,25.6,33.5,0,0,3,0
3,36,1,39,3,1,3,50,0,13.15,0,0,1,2,1
